<?xml version="1.0" encoding="UTF-8" standalone="yes"?>
<manifest>
  <control namespace="DragNDropNamespace" constructor="DragNDrop" version="0.1.0" display-name-key="DragNDrop" description-key="POC of the DragNDrop functionnality" control-type="virtual" api-version="1.3.15">
    <external-service-usage enabled="false"/>
    <property name="ElementsList" display-name-key="ElementsListKey" description-key="Property_Desc_Key" of-type="SingleLine.Text" usage="input" required="true"/>
    <property name="UndoButtonText" display-name-key="UndoButtonTextKey" description-key="Text for the Undo button" of-type="SingleLine.Text" usage="input" required="false"/>
    <property name="VerifyButtonText" display-name-key="VerifyButtonTextKey" description-key="Text for the Verify Answer button" of-type="SingleLine.Text" usage="input" required="false"/>
    <property name="IncorrectMessage" display-name-key="IncorrectMessageKey" description-key="Message displayed for incorrect answers" of-type="SingleLine.Text" usage="input" required="false"/>
    <property name="CongratulationsMessage" display-name-key="CongratulationsMessageKey" description-key="Message displayed for correct answers" of-type="SingleLine.Text" usage="input" required="false"/>
    <property name="EnableFinalCheck" display-name-key="EnableFinalCheckKey" description-key="Enable or disable the final check of the quiz" of-type="TwoOptions" usage="input" required="false"/>
    <property name="CustomStyles" display-name-key="CustomStylesKey" description-key="Enter custom CSS styles" of-type="SingleLine.Text" usage="input" required="false"/>
    <property name="allAnswersCorrect" display-name-key="allAnswersCorrectKey" description-key="indicates if all answers in the quiz are correct" of-type="Enum" usage="output" required="false">
      <value name="true" display-name-key="TrueKey"> true </value>
      <value name="false" display-name-key="FalseKey"> false </value>
      <value name="null" display-name-key="NullKey"> null </value>
    </property>
    <property name="nbWrongAnswers" display-name-key="nbWrongAnswersKey" description-key="number of wrongs answers in the quizz" of-type="SingleLine.Text" usage="output" required="false"/>
    <resources>
      <code path="bundle.js" order="1"/>
      <css path="style.css" order="1"/>
      <platform-library name="React" version="16.14.0"/>
      <platform-library name="Fluent" version="9.46.2"/>
    </resources>
    <feature-usage/>
    <built-by name="pac" version="1.39.3"/>
  </control>
</manifest>